--
-- PostgreSQL database dump
--

SET statement_timeout = 0;
SET lock_timeout = 0;
SET client_encoding = 'UTF8';
SET standard_conforming_strings = on;
SET check_function_bodies = false;
SET client_min_messages = warning;

SET search_path = public, pg_catalog;

ALTER TABLE ONLY public.warehouse DROP CONSTRAINT lnk_warehouse_province;
ALTER TABLE ONLY public.warehouse DROP CONSTRAINT lnk_warehouse_country;
ALTER TABLE ONLY public.user_function DROP CONSTRAINT lnk_user_function_user_function_category;
ALTER TABLE ONLY public.province DROP CONSTRAINT lnk_province_country;
ALTER TABLE ONLY public.customer DROP CONSTRAINT lnk_customer_province;
ALTER TABLE ONLY public.customer DROP CONSTRAINT lnk_customer_country;
DROP INDEX public.index_country_id;
ALTER TABLE ONLY public.warehouse DROP CONSTRAINT warehouse_pkey;
ALTER TABLE ONLY public."user" DROP CONSTRAINT user_pkey;
ALTER TABLE ONLY public.user_function DROP CONSTRAINT user_function_pkey;
ALTER TABLE ONLY public.user_function_category DROP CONSTRAINT user_function_category_pkey;
ALTER TABLE ONLY public."user" DROP CONSTRAINT unique_username;
ALTER TABLE ONLY public.warehouse DROP CONSTRAINT unique_name;
ALTER TABLE ONLY public.user_function_category DROP CONSTRAINT unique_id;
ALTER TABLE ONLY public.country DROP CONSTRAINT unique_code;
ALTER TABLE ONLY public.province DROP CONSTRAINT province_pkey;
ALTER TABLE ONLY public.customer DROP CONSTRAINT customer_pkey;
ALTER TABLE ONLY public.country DROP CONSTRAINT country_pkey;
ALTER TABLE public.user_function_category ALTER COLUMN id DROP DEFAULT;
ALTER TABLE public.user_function ALTER COLUMN id DROP DEFAULT;
ALTER TABLE public."user" ALTER COLUMN id DROP DEFAULT;
ALTER TABLE public.province ALTER COLUMN id DROP DEFAULT;
ALTER TABLE public.customer ALTER COLUMN id DROP DEFAULT;
ALTER TABLE public.country ALTER COLUMN id DROP DEFAULT;
DROP TABLE public.warehouse;
DROP SEQUENCE public.warehouse_id_seq;
DROP SEQUENCE public.user_id_seq;
DROP SEQUENCE public.user_function_id_seq;
DROP SEQUENCE public.user_function_category_id_seq;
DROP TABLE public.user_function_category;
DROP TABLE public.user_function;
DROP TABLE public."user";
DROP SEQUENCE public.province_id_seq;
DROP TABLE public.province;
DROP TABLE public.password_reset;
DROP SEQUENCE public.customer_id_seq;
DROP TABLE public.customer;
DROP SEQUENCE public.country_id_seq;
DROP TABLE public.country;
DROP EXTENSION plpgsql;
DROP SCHEMA public;
--
-- Name: public; Type: SCHEMA; Schema: -; Owner: postgres
--

CREATE SCHEMA public;


ALTER SCHEMA public OWNER TO postgres;

--
-- Name: SCHEMA public; Type: COMMENT; Schema: -; Owner: postgres
--

COMMENT ON SCHEMA public IS 'standard public schema';


--
-- Name: plpgsql; Type: EXTENSION; Schema: -; Owner: 
--

CREATE EXTENSION IF NOT EXISTS plpgsql WITH SCHEMA pg_catalog;


--
-- Name: EXTENSION plpgsql; Type: COMMENT; Schema: -; Owner: 
--

COMMENT ON EXTENSION plpgsql IS 'PL/pgSQL procedural language';


SET search_path = public, pg_catalog;

SET default_tablespace = '';

SET default_with_oids = false;

--
-- Name: country; Type: TABLE; Schema: public; Owner: sungwhikim; Tablespace: 
--

CREATE TABLE country (
    id integer NOT NULL,
    code character(2) NOT NULL,
    name character varying(100) NOT NULL,
    created_at timestamp without time zone NOT NULL,
    updated_at timestamp without time zone NOT NULL
);


ALTER TABLE country OWNER TO sungwhikim;

--
-- Name: country_id_seq; Type: SEQUENCE; Schema: public; Owner: sungwhikim
--

CREATE SEQUENCE country_id_seq
    START WITH 1
    INCREMENT BY 1
    NO MINVALUE
    NO MAXVALUE
    CACHE 1;


ALTER TABLE country_id_seq OWNER TO sungwhikim;

--
-- Name: country_id_seq; Type: SEQUENCE OWNED BY; Schema: public; Owner: sungwhikim
--

ALTER SEQUENCE country_id_seq OWNED BY country.id;


--
-- Name: customer; Type: TABLE; Schema: public; Owner: sungwhikim; Tablespace: 
--

CREATE TABLE customer (
    id integer NOT NULL,
    contact character varying(100),
    name character varying(100) NOT NULL,
    email character varying(100),
    address1 character varying(100) NOT NULL,
    address2 character varying(100),
    city character varying(50) NOT NULL,
    province_id integer NOT NULL,
    country_id integer NOT NULL,
    created_at timestamp without time zone NOT NULL,
    updated_at timestamp without time zone,
    phone character varying(30),
    fax character varying(30),
    postal_code character varying(2044) NOT NULL,
    active boolean NOT NULL
);


ALTER TABLE customer OWNER TO sungwhikim;

--
-- Name: customer_id_seq; Type: SEQUENCE; Schema: public; Owner: sungwhikim
--

CREATE SEQUENCE customer_id_seq
    START WITH 1
    INCREMENT BY 1
    NO MINVALUE
    NO MAXVALUE
    CACHE 1;


ALTER TABLE customer_id_seq OWNER TO sungwhikim;

--
-- Name: customer_id_seq; Type: SEQUENCE OWNED BY; Schema: public; Owner: sungwhikim
--

ALTER SEQUENCE customer_id_seq OWNED BY customer.id;


--
-- Name: password_reset; Type: TABLE; Schema: public; Owner: sungwhikim; Tablespace: 
--

CREATE TABLE password_reset (
    email character varying(100) NOT NULL,
    token character varying(100) NOT NULL,
    created_at timestamp without time zone NOT NULL
);


ALTER TABLE password_reset OWNER TO sungwhikim;

--
-- Name: province; Type: TABLE; Schema: public; Owner: sungwhikim; Tablespace: 
--

CREATE TABLE province (
    id integer NOT NULL,
    code character(2) NOT NULL,
    name character varying(100) NOT NULL,
    tax_rate_total money,
    tax_rate_pst money,
    tax_rate_gst money,
    created_at timestamp without time zone NOT NULL,
    updated_at timestamp without time zone,
    tax_rate_hst money,
    is_hst boolean DEFAULT false,
    country_id integer NOT NULL
);


ALTER TABLE province OWNER TO sungwhikim;

--
-- Name: province_id_seq; Type: SEQUENCE; Schema: public; Owner: sungwhikim
--

CREATE SEQUENCE province_id_seq
    START WITH 1
    INCREMENT BY 1
    NO MINVALUE
    NO MAXVALUE
    CACHE 1;


ALTER TABLE province_id_seq OWNER TO sungwhikim;

--
-- Name: province_id_seq; Type: SEQUENCE OWNED BY; Schema: public; Owner: sungwhikim
--

ALTER SEQUENCE province_id_seq OWNED BY province.id;


--
-- Name: user; Type: TABLE; Schema: public; Owner: sungwhikim; Tablespace: 
--

CREATE TABLE "user" (
    id integer NOT NULL,
    username character varying(20) NOT NULL,
    name character varying(50) NOT NULL,
    email character varying(100) NOT NULL,
    remember_token character varying(100),
    created_at timestamp without time zone NOT NULL,
    updated_at timestamp without time zone NOT NULL,
    active boolean DEFAULT true NOT NULL,
    password character varying(100) NOT NULL
);


ALTER TABLE "user" OWNER TO sungwhikim;

--
-- Name: user_function; Type: TABLE; Schema: public; Owner: sungwhikim; Tablespace: 
--

CREATE TABLE user_function (
    id integer NOT NULL,
    name character varying(50) NOT NULL,
    url character varying(50),
    sort_order smallint DEFAULT 0::smallint,
    created_at timestamp without time zone NOT NULL,
    updated_at timestamp without time zone NOT NULL,
    active boolean NOT NULL,
    user_function_category_id integer NOT NULL
);


ALTER TABLE user_function OWNER TO sungwhikim;

--
-- Name: user_function_category; Type: TABLE; Schema: public; Owner: sungwhikim; Tablespace: 
--

CREATE TABLE user_function_category (
    id integer NOT NULL,
    name character varying(50) NOT NULL,
    sort_order smallint DEFAULT 0::smallint,
    created_at timestamp without time zone NOT NULL,
    updated_at timestamp without time zone NOT NULL
);


ALTER TABLE user_function_category OWNER TO sungwhikim;

--
-- Name: user_function_category_id_seq; Type: SEQUENCE; Schema: public; Owner: sungwhikim
--

CREATE SEQUENCE user_function_category_id_seq
    START WITH 1
    INCREMENT BY 1
    NO MINVALUE
    NO MAXVALUE
    CACHE 1;


ALTER TABLE user_function_category_id_seq OWNER TO sungwhikim;

--
-- Name: user_function_category_id_seq; Type: SEQUENCE OWNED BY; Schema: public; Owner: sungwhikim
--

ALTER SEQUENCE user_function_category_id_seq OWNED BY user_function_category.id;


--
-- Name: user_function_id_seq; Type: SEQUENCE; Schema: public; Owner: sungwhikim
--

CREATE SEQUENCE user_function_id_seq
    START WITH 1
    INCREMENT BY 1
    NO MINVALUE
    NO MAXVALUE
    CACHE 1;


ALTER TABLE user_function_id_seq OWNER TO sungwhikim;

--
-- Name: user_function_id_seq; Type: SEQUENCE OWNED BY; Schema: public; Owner: sungwhikim
--

ALTER SEQUENCE user_function_id_seq OWNED BY user_function.id;


--
-- Name: user_id_seq; Type: SEQUENCE; Schema: public; Owner: sungwhikim
--

CREATE SEQUENCE user_id_seq
    START WITH 1
    INCREMENT BY 1
    NO MINVALUE
    NO MAXVALUE
    CACHE 1;


ALTER TABLE user_id_seq OWNER TO sungwhikim;

--
-- Name: user_id_seq; Type: SEQUENCE OWNED BY; Schema: public; Owner: sungwhikim
--

ALTER SEQUENCE user_id_seq OWNED BY "user".id;


--
-- Name: warehouse_id_seq; Type: SEQUENCE; Schema: public; Owner: sungwhikim
--

CREATE SEQUENCE warehouse_id_seq
    START WITH 1
    INCREMENT BY 1
    NO MINVALUE
    NO MAXVALUE
    CACHE 1;


ALTER TABLE warehouse_id_seq OWNER TO sungwhikim;

--
-- Name: warehouse; Type: TABLE; Schema: public; Owner: sungwhikim; Tablespace: 
--

CREATE TABLE warehouse (
    id integer DEFAULT nextval('warehouse_id_seq'::regclass) NOT NULL,
    name character varying(50) NOT NULL,
    address1 character varying(100) NOT NULL,
    address2 character varying(100),
    city character varying(50) NOT NULL,
    province_id integer NOT NULL,
    country_id integer DEFAULT 1 NOT NULL,
    created_at timestamp without time zone NOT NULL,
    updated_at timestamp without time zone,
    postal_code character varying(2044) NOT NULL,
    active boolean DEFAULT true NOT NULL
);


ALTER TABLE warehouse OWNER TO sungwhikim;

--
-- Name: id; Type: DEFAULT; Schema: public; Owner: sungwhikim
--

ALTER TABLE ONLY country ALTER COLUMN id SET DEFAULT nextval('country_id_seq'::regclass);


--
-- Name: id; Type: DEFAULT; Schema: public; Owner: sungwhikim
--

ALTER TABLE ONLY customer ALTER COLUMN id SET DEFAULT nextval('customer_id_seq'::regclass);


--
-- Name: id; Type: DEFAULT; Schema: public; Owner: sungwhikim
--

ALTER TABLE ONLY province ALTER COLUMN id SET DEFAULT nextval('province_id_seq'::regclass);


--
-- Name: id; Type: DEFAULT; Schema: public; Owner: sungwhikim
--

ALTER TABLE ONLY "user" ALTER COLUMN id SET DEFAULT nextval('user_id_seq'::regclass);


--
-- Name: id; Type: DEFAULT; Schema: public; Owner: sungwhikim
--

ALTER TABLE ONLY user_function ALTER COLUMN id SET DEFAULT nextval('user_function_id_seq'::regclass);


--
-- Name: id; Type: DEFAULT; Schema: public; Owner: sungwhikim
--

ALTER TABLE ONLY user_function_category ALTER COLUMN id SET DEFAULT nextval('user_function_category_id_seq'::regclass);


--
-- Data for Name: country; Type: TABLE DATA; Schema: public; Owner: sungwhikim
--

COPY country (id, code, name, created_at, updated_at) FROM stdin;
2	US	United States	2016-01-11 20:16:45	2016-01-11 20:45:32
1	CA	Canada	2016-01-11 20:09:42	2016-02-01 12:24:56
\.


--
-- Name: country_id_seq; Type: SEQUENCE SET; Schema: public; Owner: sungwhikim
--

SELECT pg_catalog.setval('country_id_seq', 9, true);


--
-- Data for Name: customer; Type: TABLE DATA; Schema: public; Owner: sungwhikim
--

COPY customer (id, contact, name, email, address1, address2, city, province_id, country_id, created_at, updated_at, phone, fax, postal_code, active) FROM stdin;
1	Sung-Whi Kim	Company 1	sungwhikim@gmail.com	234 Any Street	#302	Portland	51	2	2016-01-27 16:07:52	2016-01-30 08:57:53	555-555-5555	444-444-4444	97210	t
\.


--
-- Name: customer_id_seq; Type: SEQUENCE SET; Schema: public; Owner: sungwhikim
--

SELECT pg_catalog.setval('customer_id_seq', 2, true);


--
-- Data for Name: password_reset; Type: TABLE DATA; Schema: public; Owner: sungwhikim
--

COPY password_reset (email, token, created_at) FROM stdin;
sungwhikim@gmail.com	e014d6db6bc7bbc972f97ac991e82fc019f44a7995e4edaed45986ca3e0b3b10	2016-01-29 10:06:00
\.


--
-- Data for Name: province; Type: TABLE DATA; Schema: public; Owner: sungwhikim
--

COPY province (id, code, name, tax_rate_total, tax_rate_pst, tax_rate_gst, created_at, updated_at, tax_rate_hst, is_hst, country_id) FROM stdin;
2	AB	Alberta	\N	\N	\N	2016-01-26 13:30:44.101671	2016-01-26 13:30:44.101671	\N	f	1
3	BC	British Columbia	\N	\N	\N	2016-01-26 13:31:23.877637	2016-01-26 13:31:23.877637	\N	f	1
4	MB	Manitoba	\N	\N	\N	2016-01-26 13:31:23.907145	2016-01-26 13:31:23.907145	\N	f	1
5	NB	New Brunswick	\N	\N	\N	2016-01-26 13:31:23.925802	2016-01-26 13:31:23.925802	\N	f	1
6	NL	Newfoundland and Labrador	\N	\N	\N	2016-01-26 13:31:23.953796	2016-01-26 13:31:23.953796	\N	f	1
7	NT	Northwest Territories	\N	\N	\N	2016-01-26 13:31:23.979028	2016-01-26 13:31:23.979028	\N	f	1
8	NS	Nova Scotia	\N	\N	\N	2016-01-26 13:31:24.003828	2016-01-26 13:31:24.003828	\N	f	1
9	NU	Nunavut	\N	\N	\N	2016-01-26 13:31:24.023874	2016-01-26 13:31:24.023874	\N	f	1
10	ON	Ontario	\N	\N	\N	2016-01-26 13:31:24.048492	2016-01-26 13:31:24.048492	\N	f	1
11	PE	Prince Edward Island	\N	\N	\N	2016-01-26 13:31:24.071304	2016-01-26 13:31:24.071304	\N	f	1
12	QC	Quebec	\N	\N	\N	2016-01-26 13:31:24.09228	2016-01-26 13:31:24.09228	\N	f	1
13	SK	Saskatchewan	\N	\N	\N	2016-01-26 13:31:24.110264	2016-01-26 13:31:24.110264	\N	f	1
14	YT	Yukon	\N	\N	\N	2016-01-26 13:31:24.127525	2016-01-26 13:31:24.127525	\N	f	1
15	AL	Alabama	\N	\N	\N	2016-01-26 13:34:42.683762	2016-01-26 13:34:42.683762	\N	f	2
16	AK	Alaska	\N	\N	\N	2016-01-26 13:34:42.699241	2016-01-26 13:34:42.699241	\N	f	2
17	AZ	Arizona	\N	\N	\N	2016-01-26 13:34:42.710158	2016-01-26 13:34:42.710158	\N	f	2
18	AR	Arkansas	\N	\N	\N	2016-01-26 13:34:42.759012	2016-01-26 13:34:42.759012	\N	f	2
19	CA	California	\N	\N	\N	2016-01-26 13:34:42.776604	2016-01-26 13:34:42.776604	\N	f	2
20	CO	Colorado	\N	\N	\N	2016-01-26 13:34:42.794914	2016-01-26 13:34:42.794914	\N	f	2
21	CT	Connecticut	\N	\N	\N	2016-01-26 13:34:42.817578	2016-01-26 13:34:42.817578	\N	f	2
22	DE	Delaware	\N	\N	\N	2016-01-26 13:34:42.836034	2016-01-26 13:34:42.836034	\N	f	2
23	FL	Florida	\N	\N	\N	2016-01-26 13:34:42.853682	2016-01-26 13:34:42.853682	\N	f	2
24	GA	Georgia	\N	\N	\N	2016-01-26 13:34:42.878513	2016-01-26 13:34:42.878513	\N	f	2
25	HI	Hawaii	\N	\N	\N	2016-01-26 13:34:42.896236	2016-01-26 13:34:42.896236	\N	f	2
26	ID	Idaho	\N	\N	\N	2016-01-26 13:34:42.912096	2016-01-26 13:34:42.912096	\N	f	2
27	IL	Illinois	\N	\N	\N	2016-01-26 13:34:42.935862	2016-01-26 13:34:42.935862	\N	f	2
28	IN	Indiana	\N	\N	\N	2016-01-26 13:34:42.953423	2016-01-26 13:34:42.953423	\N	f	2
29	IA	Iowa	\N	\N	\N	2016-01-26 13:34:42.965091	2016-01-26 13:34:42.965091	\N	f	2
30	KS	Kansas	\N	\N	\N	2016-01-26 13:34:42.983442	2016-01-26 13:34:42.983442	\N	f	2
31	KY	Kentucky	\N	\N	\N	2016-01-26 13:34:43.003246	2016-01-26 13:34:43.003246	\N	f	2
32	LA	Louisiana	\N	\N	\N	2016-01-26 13:34:43.019899	2016-01-26 13:34:43.019899	\N	f	2
33	ME	Maine	\N	\N	\N	2016-01-26 13:34:43.035093	2016-01-26 13:34:43.035093	\N	f	2
34	MD	Maryland	\N	\N	\N	2016-01-26 13:34:43.051995	2016-01-26 13:34:43.051995	\N	f	2
35	MA	Massachusetts	\N	\N	\N	2016-01-26 13:34:43.06587	2016-01-26 13:34:43.06587	\N	f	2
36	MI	Michigan	\N	\N	\N	2016-01-26 13:34:43.083861	2016-01-26 13:34:43.083861	\N	f	2
37	MN	Minnesota	\N	\N	\N	2016-01-26 13:34:43.099261	2016-01-26 13:34:43.099261	\N	f	2
38	MS	Mississippi	\N	\N	\N	2016-01-26 13:34:43.111852	2016-01-26 13:34:43.111852	\N	f	2
39	MO	Missouri	\N	\N	\N	2016-01-26 13:34:43.126115	2016-01-26 13:34:43.126115	\N	f	2
40	MT	Montana	\N	\N	\N	2016-01-26 13:34:43.149437	2016-01-26 13:34:43.149437	\N	f	2
41	NE	Nebraska	\N	\N	\N	2016-01-26 13:34:43.168872	2016-01-26 13:34:43.168872	\N	f	2
42	NV	Nevada	\N	\N	\N	2016-01-26 13:34:43.190742	2016-01-26 13:34:43.190742	\N	f	2
43	NH	New Hampshire	\N	\N	\N	2016-01-26 13:34:43.212541	2016-01-26 13:34:43.212541	\N	f	2
44	NJ	New Jersey	\N	\N	\N	2016-01-26 13:34:43.228428	2016-01-26 13:34:43.228428	\N	f	2
45	NM	New Mexico	\N	\N	\N	2016-01-26 13:34:43.249619	2016-01-26 13:34:43.249619	\N	f	2
46	NY	New York	\N	\N	\N	2016-01-26 13:34:43.265088	2016-01-26 13:34:43.265088	\N	f	2
47	NC	North Carolina	\N	\N	\N	2016-01-26 13:34:43.285257	2016-01-26 13:34:43.285257	\N	f	2
48	ND	North Dakota	\N	\N	\N	2016-01-26 13:34:43.3078	2016-01-26 13:34:43.3078	\N	f	2
49	OH	Ohio	\N	\N	\N	2016-01-26 13:34:43.325056	2016-01-26 13:34:43.325056	\N	f	2
50	OK	Oklahoma	\N	\N	\N	2016-01-26 13:34:43.34507	2016-01-26 13:34:43.34507	\N	f	2
51	OR	Oregon	\N	\N	\N	2016-01-26 13:34:43.364122	2016-01-26 13:34:43.364122	\N	f	2
52	PA	Pennsylvania	\N	\N	\N	2016-01-26 13:34:43.385327	2016-01-26 13:34:43.385327	\N	f	2
53	RI	Rhode Island	\N	\N	\N	2016-01-26 13:34:43.40263	2016-01-26 13:34:43.40263	\N	f	2
54	SC	South Carolina	\N	\N	\N	2016-01-26 13:34:43.420967	2016-01-26 13:34:43.420967	\N	f	2
55	SD	South Dakota	\N	\N	\N	2016-01-26 13:34:43.436118	2016-01-26 13:34:43.436118	\N	f	2
56	TN	Tennessee	\N	\N	\N	2016-01-26 13:34:43.453534	2016-01-26 13:34:43.453534	\N	f	2
57	TX	Texas	\N	\N	\N	2016-01-26 13:34:43.466829	2016-01-26 13:34:43.466829	\N	f	2
58	UT	Utah	\N	\N	\N	2016-01-26 13:34:43.48051	2016-01-26 13:34:43.48051	\N	f	2
59	VT	Vermont	\N	\N	\N	2016-01-26 13:34:43.498101	2016-01-26 13:34:43.498101	\N	f	2
60	VA	Virginia	\N	\N	\N	2016-01-26 13:34:43.514081	2016-01-26 13:34:43.514081	\N	f	2
61	WA	Washington	\N	\N	\N	2016-01-26 13:34:43.532318	2016-01-26 13:34:43.532318	\N	f	2
62	WV	West Virginia	\N	\N	\N	2016-01-26 13:34:43.544898	2016-01-26 13:34:43.544898	\N	f	2
63	WI	Wisconsin	\N	\N	\N	2016-01-26 13:34:43.561864	2016-01-26 13:34:43.561864	\N	f	2
64	WY	Wyoming	\N	\N	\N	2016-01-26 13:34:43.581237	2016-01-26 13:34:43.581237	\N	f	2
\.


--
-- Name: province_id_seq; Type: SEQUENCE SET; Schema: public; Owner: sungwhikim
--

SELECT pg_catalog.setval('province_id_seq', 64, true);


--
-- Data for Name: user; Type: TABLE DATA; Schema: public; Owner: sungwhikim
--

COPY "user" (id, username, name, email, remember_token, created_at, updated_at, active, password) FROM stdin;
11	dculbert	Dave Culbert	dculbert@jpent.com	\N	2016-02-01 17:59:53	2016-02-01 17:59:53	t	placeholder
7	Bay	Master Client	jim@larkinweb.com	\N	2016-02-01 17:59:53	2016-02-01 17:59:53	t	placeholder
1	sungwhikim	Sung-Whi Kim	sungwhikim@gmail.com	lAhIJ4KevmF2AL5V6R356Rj93CC5pALYrTEMN1cfy2fmPxrPaRP0KwqiANcx	2016-02-01 17:59:53	2016-02-02 11:56:23	t	$2y$10$f5dLVj9W0JHnTiEGFCPOe.qasBOZwu8DPPC6gjHPaTCPBPfMoxUjC
3	larkin	Jim Larkin	jim@larkinweb.com	exlVejXIdk40lLRIcIhuKefd14QaWOx6lLUjrJ4Dx35ooxDKSZpIFrxpNwCp	2016-02-01 17:59:53	2016-02-02 11:56:34	t	$2y$10$Y2CjjBSoM9u0akjt.Kc76eSyTj1hZL2qF1LmXLHZeQp2gUqwjPt4a
29	kchu	Kam Joi Chu	kamjoi.chu@hbc.com	\N	2016-02-01 17:59:53	2016-02-01 17:59:53	t	placeholder
31	cyan	Claire Yan	claire.yan@hbc.com	\N	2016-02-01 17:59:53	2016-02-01 17:59:53	t	placeholder
32	lmorse	Laura Morse	lmorse@pak2000.com	\N	2016-02-01 17:59:53	2016-02-01 17:59:53	t	placeholder
34	ikhan	Imran Khan	supplyline@istop.com	\N	2016-02-01 17:59:53	2016-02-01 17:59:53	t	placeholder
35	rob	Rob	jassupply@cogeco.ca	\N	2016-02-01 17:59:53	2016-02-01 17:59:53	t	placeholder
37	mlash	Marty Lash	mlash@transco.net	\N	2016-02-01 17:59:53	2016-02-01 17:59:53	t	placeholder
38	glopackinc	GLOPACKINC	STse@glopackinc.com	\N	2016-02-01 17:59:53	2016-02-01 17:59:53	t	placeholder
39	rlian	Rena Lian	RLian@glopackinc.com	\N	2016-02-01 17:59:53	2016-02-01 17:59:53	t	placeholder
40	mlee	Mary Lee	mlee@bagempackaging.com	\N	2016-02-01 17:59:53	2016-02-01 17:59:53	t	placeholder
43	aporter	Allison Porter	aporter@sutus.com	\N	2016-02-01 17:59:53	2016-02-01 17:59:53	t	placeholder
44	smoy	Stephanie Moy	smoy@recochem.com	\N	2016-02-01 17:59:53	2016-02-01 17:59:53	t	placeholder
48	mbillings	Michael Billings	mbillings@pak2000.com	\N	2016-02-01 17:59:53	2016-02-01 17:59:53	t	placeholder
49	bpajnigara	Burzin Pajnigara	pajnigara@hotmail.com	\N	2016-02-01 17:59:53	2016-02-01 17:59:53	t	placeholder
50	lstephenson	Linda Stephenson	linda@mereadesso.com	\N	2016-02-01 17:59:53	2016-02-01 17:59:53	t	placeholder
52	larkinjp	Jim Larkin	jim@larkinweb.com	\N	2016-02-01 17:59:53	2016-02-01 17:59:53	t	placeholder
53	mhnuta	Michael Hnuta	mhnuta@bcimporters.net	\N	2016-02-01 17:59:53	2016-02-01 17:59:53	t	placeholder
54	jeliashevsky	John Eliashevsky	mungdahl@magma.ca	\N	2016-02-01 17:59:53	2016-02-01 17:59:53	t	placeholder
55	vchan	Vivian Chan	vchan@bcimporters.net	\N	2016-02-01 17:59:53	2016-02-01 17:59:53	t	placeholder
57	charles	Charles	expressgreenpackaging@rogers.com	\N	2016-02-01 17:59:53	2016-02-01 17:59:53	t	placeholder
58	lisa	Lisa Dell	lisa.janmar@sympatico.ca	\N	2016-02-01 17:59:53	2016-02-01 17:59:53	t	placeholder
64	rmiller	Renee Miller	rmiller@pak2000.com	\N	2016-02-01 17:59:53	2016-02-01 17:59:53	t	placeholder
67	mps	MPS	mps@jpent.com	\N	2016-02-01 17:59:53	2016-02-01 17:59:53	t	placeholder
68	ldalgard	Linda Dalgard	linda@geandb.com	\N	2016-02-01 17:59:53	2016-02-01 17:59:53	t	placeholder
69	jwildoner	Jamie Wildoner	jwildoner@pak2000.com	\N	2016-02-01 17:59:53	2016-02-01 17:59:53	t	placeholder
70	swalker	Stephanie Walker	swalker@sierrahomeproducts.com	\N	2016-02-01 17:59:53	2016-02-01 17:59:53	t	placeholder
71	sbrown	Stacie Brown	sbrown@pak2000.com	\N	2016-02-01 17:59:53	2016-02-01 17:59:53	t	placeholder
10	newuser	New User	jim@larkinweb.com	\N	2016-02-01 17:59:53	2016-02-01 17:59:53	t	placeholder
72	rparsons	Robin Parsons	rparsons@pak2000.com	\N	2016-02-01 17:59:53	2016-02-01 17:59:53	t	placeholder
76	ghahn	Greg Hahn	greg.hahn@seastone.com	\N	2016-02-01 17:59:53	2016-02-01 17:59:53	t	placeholder
77	lgriep	Lisa Griep	lgriep@seastone.com	\N	2016-02-01 17:59:53	2016-02-01 17:59:53	t	placeholder
79	lgilman	Lynne Gilman	lgilman@pak2000.com	\N	2016-02-01 17:59:53	2016-02-01 17:59:53	t	placeholder
80	kfilippone	Kim Filippone	kfilippone@pak2000.com	\N	2016-02-01 17:59:53	2016-02-01 17:59:53	t	placeholder
81	malshaweesh	Martha Alshaweesh	ca_fulfillment@shukrclothing.com	\N	2016-02-01 17:59:53	2016-02-01 17:59:53	t	placeholder
82	melqabbany	Moustafa Elqabbany	moustafa@shukrclothing.com	\N	2016-02-01 17:59:53	2016-02-01 17:59:53	t	placeholder
84	nabushmais	Nirmeen Abushmais	nirmeen@shukrclothing.com	\N	2016-02-01 17:59:53	2016-02-01 17:59:53	t	placeholder
86	sensient	Sensient	sdf.canada@sensient-tech.com	\N	2016-02-01 17:59:53	2016-02-01 17:59:53	t	placeholder
87	mrappaport	Matthew Rappaport	mrappaport@transco.net	\N	2016-02-01 17:59:53	2016-02-01 17:59:53	t	placeholder
88	larkin123	Jim Larkin	jim@larkinweb.com	\N	2016-02-01 17:59:53	2016-02-01 17:59:53	t	placeholder
92	pgoodwin	Paul Goodwin	mg.sales@sympatico.ca	\N	2016-02-01 17:59:53	2016-02-01 17:59:53	t	placeholder
94	rpaterson	Rod Paterson	info@aspaterson.com	\N	2016-02-01 17:59:53	2016-02-01 17:59:53	t	placeholder
95	ablake	Arlene Blake	ablake@aspaterson.com	\N	2016-02-01 17:59:53	2016-02-01 17:59:53	t	placeholder
98	ssharieha	Safa Abu Sharieha	ssharieha@shukrclothing.com	\N	2016-02-01 17:59:53	2016-02-01 17:59:53	t	placeholder
99	cyoung	Cody Young	cody@carmensvacuum.com	\N	2016-02-01 17:59:53	2016-02-01 17:59:53	t	placeholder
100	ddurbin	Drew Durbin	drew@carmensvacuum.com	\N	2016-02-01 17:59:53	2016-02-01 17:59:53	t	placeholder
103	plim	Pauline Lim	pyuping@dongshengfoodsusa.com	\N	2016-02-01 17:59:53	2016-02-01 17:59:53	t	placeholder
106	mpsdist	MPS Distributor	mps@jpent.com	\N	2016-02-01 17:59:53	2016-02-01 17:59:53	t	placeholder
111	aalrabie	Amina Alrabie	amina@shukrclothing.com	\N	2016-02-01 17:59:53	2016-02-01 17:59:53	t	placeholder
113	rmacphee	Rob MacPhee	csr@htgriffin.com	\N	2016-02-01 17:59:53	2016-02-01 17:59:53	t	placeholder
120	ccrews	Chris Crews	chrisc@eventivemarketing.com	\N	2016-02-01 17:59:53	2016-02-01 17:59:53	t	placeholder
121	valerie	Valerie Burke	valerie.burke@organiccolorsystems.com	\N	2016-02-01 17:59:53	2016-02-01 17:59:53	t	placeholder
123	rleguillou	Robert Leguillou	robert.leguillou@sensient.com	\N	2016-02-01 17:59:53	2016-02-01 17:59:53	t	placeholder
125	turlock	turlock	sally.wiley@sensient.com	\N	2016-02-01 17:59:53	2016-02-01 17:59:53	t	placeholder
127	jcolburn	James Colburn	orders@pbwc.ca	\N	2016-02-01 17:59:53	2016-02-01 17:59:53	t	placeholder
130	spadidar	Sia Padidar	cwm@intergate.ca	\N	2016-02-01 17:59:53	2016-02-01 17:59:53	t	placeholder
131	jwhite	Jessica White	Jessica@carmensvacuum.com	\N	2016-02-01 17:59:53	2016-02-01 17:59:53	t	placeholder
132	dkamien	Debbie Kamien	dkamien@transco.net	\N	2016-02-01 17:59:53	2016-02-01 17:59:53	t	placeholder
137	jmartindill	Jennifer Martindill	services@sunraygroup.net	\N	2016-02-01 17:59:53	2016-02-01 17:59:53	t	placeholder
138	pkoon	Prakash Koon	prakash_koon_koon@bradycorp.com	\N	2016-02-01 17:59:53	2016-02-01 17:59:53	t	placeholder
139	seton	Seton	DMNAPurchasing@bradycorp.com	\N	2016-02-01 17:59:53	2016-02-01 17:59:53	t	placeholder
142	rgrossman	Ryan Grossman	ryan@maracaibodistribution.com	\N	2016-02-01 17:59:53	2016-02-01 17:59:53	t	placeholder
144	maxine	Maxine	max@jpent.com	\N	2016-02-01 17:59:53	2016-02-01 17:59:53	t	placeholder
145	pyung	Pamela Yung	pamela.yung1@pepsico.com	\N	2016-02-01 17:59:53	2016-02-01 17:59:53	t	placeholder
151	Laura	Laura	laura@organiccolorsystems.com	\N	2016-02-01 17:59:53	2016-02-01 17:59:53	t	placeholder
152	lflorent	Louise Florent	louise@florent.com	\N	2016-02-01 17:59:53	2016-02-01 17:59:53	t	placeholder
153	cflorent	Claude Florent	claude@florent.com	\N	2016-02-01 17:59:53	2016-02-01 17:59:53	t	placeholder
154	bkerr	Brad Kerr	brad@tactical-inc.com	\N	2016-02-01 17:59:53	2016-02-01 17:59:53	t	placeholder
157	schippa	Sabir Chippa	impexinternational@sympatico.ca	\N	2016-02-01 17:59:53	2016-02-01 17:59:53	t	placeholder
159	jpent	Giselle Palumbo	gpalumbo@jpent.com	\N	2016-02-01 17:59:53	2016-02-01 17:59:53	t	placeholder
161	nmeyer	Nate Meyer	nmeyer@scoular.com	\N	2016-02-01 17:59:53	2016-02-01 17:59:53	t	placeholder
162	eshneur	Elana Shneur	eshneur@scoular.com	\N	2016-02-01 17:59:53	2016-02-01 17:59:53	t	placeholder
163	dblack	Danielle Black	dblack@scoular.com	\N	2016-02-01 17:59:53	2016-02-01 17:59:53	t	placeholder
164	abrown	Anne Brown	abrown@scoular.com	\N	2016-02-01 17:59:53	2016-02-01 17:59:53	t	placeholder
165	ipc	Ipc Orders	ipcorders@scoular.com	\N	2016-02-01 17:59:53	2016-02-01 17:59:53	t	placeholder
166	food	Scoular Food	food@scoular.com	\N	2016-02-01 17:59:53	2016-02-01 17:59:53	t	placeholder
168	arahmey	Albert Rahmey	arahmey@jacmel.com	\N	2016-02-01 17:59:53	2016-02-01 17:59:53	t	placeholder
169	kstoyer	Keri Stoyer	kstoyer@jacmel.com	\N	2016-02-01 17:59:53	2016-02-01 17:59:53	t	placeholder
170	ysmith	Yvonne Smith	ysmith@jacmel.com	\N	2016-02-01 17:59:53	2016-02-01 17:59:53	t	placeholder
171	kmooney	Kris Mooney	kmoone@jacmel.com	\N	2016-02-01 17:59:53	2016-02-01 17:59:53	t	placeholder
172	mclemente	Mark Clemente	mclemente@jacmel.com	\N	2016-02-01 17:59:53	2016-02-01 17:59:53	t	placeholder
173	avalencia	Alta Valencia	avalen@jacmel.com	\N	2016-02-01 17:59:53	2016-02-01 17:59:53	t	placeholder
174	hluo	Haijun Luo	hluo@axiombrands.com	\N	2016-02-01 17:59:53	2016-02-01 17:59:53	t	placeholder
175	ykorner	YellowKorner	gc@yellowkorner.com	\N	2016-02-01 17:59:53	2016-02-01 17:59:53	t	placeholder
176	rkerr	Robert Kerr	rjkerr@sympatico.ca	\N	2016-02-01 17:59:53	2016-02-01 17:59:53	t	placeholder
177	sharvest	Season Harvest	denise@seasonharvestfoods.com	\N	2016-02-01 17:59:53	2016-02-01 17:59:53	t	placeholder
178	marisol	Marisol	marisol@yellowkorner.com	\N	2016-02-01 17:59:53	2016-02-01 17:59:53	t	placeholder
179	psikorski	Patti Sikorski	patti.sikorski@hbc.com	\N	2016-02-01 17:59:53	2016-02-01 17:59:53	t	placeholder
180	dalbarq	Dalia Albarq	dalia@shukrclothing.com	\N	2016-02-01 17:59:53	2016-02-01 17:59:53	t	placeholder
181	mnaas	Mehdi Naas	mnaas@axiombrands.com	\N	2016-02-01 17:59:53	2016-02-01 17:59:53	t	placeholder
182	elisha	Elisha	cs@aspaterson.com	\N	2016-02-01 17:59:53	2016-02-01 17:59:53	t	placeholder
184	shussien	Sumaya Hussien	sumaya@shukrclothing.com	\N	2016-02-01 17:59:53	2016-02-01 17:59:53	t	placeholder
185	mdoucette	Melinda Doucette	mdoucette@pak2000.com	\N	2016-02-01 17:59:53	2016-02-01 17:59:53	t	placeholder
186	Amanda	Amanda	Amanda@organiccolorsystems.com	\N	2016-02-01 17:59:53	2016-02-01 17:59:53	t	placeholder
188	edweck	Ezra Dweck	ezra@daicompany.com	\N	2016-02-01 17:59:53	2016-02-01 17:59:53	t	placeholder
189	kmclaughlin	Kevin Mclaughlin	Kevin@golifeworks.com	\N	2016-02-01 17:59:53	2016-02-01 17:59:53	t	placeholder
191	emcgrath	Euan McGrath	euan.mcgrath@sympatico.ca	\N	2016-02-01 17:59:53	2016-02-01 17:59:53	t	placeholder
192	gtawil	George Tawil	GeorgeT@gmaaccessories.com	\N	2016-02-01 17:59:53	2016-02-01 17:59:53	t	placeholder
193	mng	Maggie Ng	maggie@accutimewatch.com	\N	2016-02-01 17:59:53	2016-02-01 17:59:53	t	placeholder
194	mshama	Marc Shama	mshama@accutimewatch.com	\N	2016-02-01 17:59:53	2016-02-01 17:59:53	t	placeholder
195	rjenetti	Robert Jenetti	robert@gourmettrading.com	\N	2016-02-01 17:59:53	2016-02-01 17:59:53	t	placeholder
196	rstaple	Roz Staple	roz@smartrink.ca	\N	2016-02-01 17:59:53	2016-02-01 17:59:53	t	placeholder
197	mthoson	Malena Thoson	mthoson@scoular.com	\N	2016-02-01 17:59:53	2016-02-01 17:59:53	t	placeholder
198	ealinas	Erick Alinas	npsisuppliesmgmt.external@hbc.com	\N	2016-02-01 17:59:53	2016-02-01 17:59:53	t	placeholder
202	vgualtieri	Victoria Gualtieri	Victoria@avaises.com	\N	2016-02-01 17:59:53	2016-02-01 17:59:53	t	placeholder
203	dvilleda	Daniel Villeda	dvilleda@jpent.com	\N	2016-02-01 17:59:53	2016-02-01 17:59:53	t	placeholder
205	lvann	Lee-Ann Vann	leeannv@superiorfinishesinc.com	\N	2016-02-01 17:59:53	2016-02-01 17:59:53	t	placeholder
206	jphillips	Joann Phillips	jphillips@jpent.com	\N	2016-02-01 17:59:53	2016-02-01 17:59:53	t	placeholder
207	rhansbrar	Rani Hans-Brar	rhansbrar@jpent.com	\N	2016-02-01 17:59:53	2016-02-01 17:59:53	t	placeholder
208	fshukayr	Farah Shukayr	farah.sh@shukrclothing.com	\N	2016-02-01 17:59:53	2016-02-01 17:59:53	t	placeholder
209	ayeung	Adam Yeung	adam@giantairsupplies.com	\N	2016-02-01 17:59:53	2016-02-01 17:59:53	t	placeholder
210	dtatoy	Denver Tatoy	Denver.Tatoy@bionime.com	\N	2016-02-01 17:59:53	2016-02-01 17:59:53	t	placeholder
211	kpark	Kim Park	order@superiorfinishesinc.com	\N	2016-02-01 17:59:53	2016-02-01 17:59:53	t	placeholder
213	malejo	Mary Lou Alejo	marylou@jwlamerica.com	\N	2016-02-01 17:59:53	2016-02-01 17:59:53	t	placeholder
215	llosada	Luis Losada	llosada@pak2000.com	\N	2016-02-01 17:59:53	2016-02-01 17:59:53	t	placeholder
216	gsuleiman	Ghassan Suleiman	ghassan@shukrclothing.com	\N	2016-02-01 17:59:53	2016-02-01 17:59:53	t	placeholder
217	tdula	Tiffany Dula	tdula@jpent.com	\N	2016-02-01 17:59:53	2016-02-01 17:59:53	t	placeholder
218	jlee	Justine Lee	iconna@netvigator.com	\N	2016-02-01 17:59:53	2016-02-01 17:59:53	t	placeholder
219	aharrigan	Amy Harrigan	aharrigan@pak2000.com	\N	2016-02-01 17:59:53	2016-02-01 17:59:53	t	placeholder
221	jramirez	Jose Ramirez	jramirez@jpent.com	\N	2016-02-01 17:59:53	2016-02-01 17:59:53	t	placeholder
222	ashgour	Aliaa Shgour	aliaa.sh@shukrclothing.com	\N	2016-02-01 17:59:53	2016-02-01 17:59:53	t	placeholder
223	aburridge	Andrea Burridge	andrea@mereadesso.com	\N	2016-02-01 17:59:53	2016-02-01 17:59:53	f	placeholder
224	bellery	Barbro Ellery	barbro@mereadesso.com	\N	2016-02-01 17:59:53	2016-02-01 17:59:53	t	placeholder
228	gstratakos	Gary Stratakos	gary@neo-image.com	\N	2016-02-01 17:59:53	2016-02-01 17:59:53	t	placeholder
229	SUNGWHIKIM	Sung Whi Kim	sungwhikim@gmail.com	\N	2016-02-01 17:59:53	2016-02-01 17:59:53	t	placeholder
231	djaser	Dania Jaser	dania@shukrclothing.com	\N	2016-02-01 17:59:53	2016-02-01 17:59:53	t	placeholder
232	aanandani	Ash Anandani	ash@jwlamerica.com	\N	2016-02-01 17:59:53	2016-02-01 17:59:53	t	placeholder
233	rdemko	Rich Demko	rdemko@jwlamerica.com	\N	2016-02-01 17:59:53	2016-02-01 17:59:53	t	placeholder
234	jrodriguez	Juan Rodriguez	Juanr@jwlamerica.com	\N	2016-02-01 17:59:53	2016-02-01 17:59:53	t	placeholder
235	ferani	Fred Erani	FErani@jacmel.com	\N	2016-02-01 17:59:53	2016-02-01 17:59:53	t	placeholder
237	abrown2	Ann Brown	abrown@jpent.com	\N	2016-02-01 17:59:53	2016-02-01 17:59:53	t	placeholder
238	Ecom1	Rino	spadafina@rogers.com	\N	2016-02-01 17:59:53	2016-02-01 17:59:53	t	placeholder
241	thomson	Thomson Group	sshoemaker@thomsongroup.com	\N	2016-02-01 17:59:53	2016-02-01 17:59:53	t	placeholder
242	klai	Kristi Lai	chankristi@yahoo.com	\N	2016-02-01 17:59:53	2016-02-01 17:59:53	t	placeholder
243	SUNGWHIKIM1	sung whi client	sungwhikim@gmail.com	\N	2016-02-01 17:59:53	2016-02-01 17:59:53	t	placeholder
244	enauth	Elisha Nauth	cs@aspaterson.com	\N	2016-02-01 17:59:53	2016-02-01 17:59:53	t	placeholder
245	drailey	Dominique Railey	DRailey@jacmel.com	\N	2016-02-01 17:59:53	2016-02-01 17:59:53	t	placeholder
246	shashash	Sarah Hashash	sarah.ha@shukrclothing.com	\N	2016-02-01 17:59:53	2016-02-01 17:59:53	t	placeholder
247	msousa	Margaret Sousa	msousa@classicpkg.com	\N	2016-02-01 17:59:53	2016-02-01 17:59:53	t	placeholder
248	hobeidat	Haneen Obeidat	haneen@shukrclothing.com	\N	2016-02-01 17:59:53	2016-02-01 17:59:53	t	placeholder
249	kbarbour	Kevin Barbour	kbarbour@jpent.com	\N	2016-02-01 17:59:53	2016-02-01 17:59:53	f	placeholder
250	isasson	Israel Sasson	isasson@accutimewatch.com	\N	2016-02-01 17:59:53	2016-02-01 17:59:53	t	placeholder
251	nkarr	Nicole Karr	Accounts.receivable@rivet.com	\N	2016-02-01 17:59:53	2016-02-01 17:59:53	t	placeholder
252	mzaret	Michele Zaret	Michele.zaret@rivet.com	\N	2016-02-01 17:59:53	2016-02-01 17:59:53	t	placeholder
253	jstrnad	Jim Strnad	jstrnad@rivet.com	\N	2016-02-01 17:59:53	2016-02-01 17:59:53	t	placeholder
254	jmooney	Jay Mooney	jay@mooneysales.com	\N	2016-02-01 17:59:53	2016-02-01 17:59:53	t	placeholder
255	rhernandez	Rosa Hernandez	rosa@rainguard.com	\N	2016-02-01 17:59:53	2016-02-01 17:59:53	t	placeholder
256	mlessa	Mike Lessa	Customer.Service@rivet.com	\N	2016-02-01 17:59:53	2016-02-01 17:59:53	t	placeholder
257	kboudaeva	Kristina Boudaeva	kristina@kristinsgifts.com	\N	2016-02-01 17:59:53	2016-02-01 17:59:53	t	placeholder
258	kanderson	Kyle Anderson	kyle@mereadesso.com	\N	2016-02-01 17:59:53	2016-02-01 17:59:53	t	placeholder
260	bman	Bliss Man	bliss@monsterfactory.net	\N	2016-02-01 17:59:53	2016-02-01 17:59:53	t	placeholder
262	hreider	Hayley Reider	hreider@scoular.com	\N	2016-02-01 17:59:53	2016-02-01 17:59:53	t	placeholder
263	client	Test Login	test@jpent.com	\N	2016-02-01 17:59:53	2016-02-01 17:59:53	t	placeholder
264	vsoni	Vridula Soni	vsoni@jpent.com	\N	2016-02-01 17:59:53	2016-02-01 17:59:53	t	placeholder
265	jdriehorst	Jack Driehorst	jdriehorst@jacmel.com	\N	2016-02-01 17:59:53	2016-02-01 17:59:53	t	placeholder
266	lshama	Leon Shama	lshama@accutimewatch.com	\N	2016-02-01 17:59:53	2016-02-01 17:59:53	t	placeholder
268	mimperato	Mellissa Imperato	mellissa.imperato@yahoo.com	\N	2016-02-01 17:59:53	2016-02-01 17:59:53	t	placeholder
269	ibbusa	IBB User	ibbwal@ibbusa.com	\N	2016-02-01 17:59:53	2016-02-01 17:59:53	t	placeholder
270	IndRivet	IndRivet	indrivet@indrivet.com	\N	2016-02-01 17:59:53	2016-02-01 17:59:53	t	placeholder
271	pgaskin	Peter Gaskin	peter@golifeworks.com	\N	2016-02-01 17:59:53	2016-02-01 17:59:53	t	placeholder
273	AceRiv	Ace Rivet	acerivet@acerivet.com	\N	2016-02-01 17:59:53	2016-02-01 17:59:53	t	placeholder
274	StepRiv	Stephens Rivet	stephens@rivet.com	\N	2016-02-01 17:59:53	2016-02-01 17:59:53	t	placeholder
278	tmyers	Tonya Myers	tmyers@jpent.com	\N	2016-02-01 17:59:53	2016-02-01 17:59:53	t	placeholder
279	jwalker	Jayde Walker	jwalker@jpent.com	\N	2016-02-01 17:59:53	2016-02-01 17:59:53	t	placeholder
280	GTranz	Global Tranz	scm@globaltranz.com	\N	2016-02-01 17:59:53	2016-02-01 17:59:53	f	placeholder
281	dparker	Dee Parker	dparker@jpent.com	\N	2016-02-01 17:59:53	2016-02-01 17:59:53	t	placeholder
282	3pl	3 PL Links	dispatch@3pllinks.com	\N	2016-02-01 17:59:53	2016-02-01 17:59:53	t	placeholder
283	wrdisplay	WR Display	mattwalford@wrdisplay.ca	\N	2016-02-01 17:59:53	2016-02-01 17:59:53	t	placeholder
284	nlau	Natalie Lau	natalielau@dongshengfoodsusa.com	\N	2016-02-01 17:59:53	2016-02-01 17:59:53	t	placeholder
285	mmissry	Michelle Missry	mmissry@accutimewatch.com	\N	2016-02-01 17:59:53	2016-02-01 17:59:53	t	placeholder
286	JPprod	JP Enterprises	estachulak@jpent.com	\N	2016-02-01 17:59:53	2016-02-01 17:59:53	t	placeholder
287	kristin	Kristins Gifts	info@kristinsgifts.com	\N	2016-02-01 17:59:53	2016-02-01 17:59:53	t	placeholder
288	dsomerville	David Somerville	dsomerville@sterlingmed.ca	\N	2016-02-01 17:59:53	2016-02-01 17:59:53	t	placeholder
290	gburicea	Gabby Buricea	gburicea@jpent.com	\N	2016-02-01 17:59:53	2016-02-01 17:59:53	t	placeholder
291	kburton	Kim Burton	kimb@roneymk.com	\N	2016-02-01 17:59:53	2016-02-01 17:59:53	t	placeholder
292	lhuang	Lulu Huang	luluhuang@sakoura.net	\N	2016-02-01 17:59:53	2016-02-01 17:59:53	t	placeholder
293	ccampbell	Christian Campbell	christian@mereadesso.com	\N	2016-02-01 17:59:53	2016-02-01 17:59:53	t	placeholder
295	nwu	Ning Wu	ning.wu@tycheinternationalgroup.com	\N	2016-02-01 17:59:53	2016-02-01 17:59:53	t	placeholder
296	mking	Mei King	Mei.King@c-lifegroup.com	\N	2016-02-01 17:59:53	2016-02-01 17:59:53	t	placeholder
297	mcohen	Morris Cohen	morris.cohen@c-lifegroup.com	\N	2016-02-01 17:59:53	2016-02-01 17:59:53	t	placeholder
298	msalguero	Manuela Salguero	Manuela.SalgueroGarcia@xt-t.com	\N	2016-02-01 17:59:53	2016-02-01 17:59:53	t	placeholder
299	modani	Modani	iva@modani.com	\N	2016-02-01 17:59:53	2016-02-01 17:59:53	t	placeholder
301	jessica	Jessica	jessica@modani.com	\N	2016-02-01 17:59:53	2016-02-01 17:59:53	t	placeholder
302	dpellegrin	David Pellegrin	davidpellegrin@modani.com	\N	2016-02-01 17:59:53	2016-02-01 17:59:53	t	placeholder
303	snapav	snapav	admin@jpent.com	\N	2016-02-01 17:59:53	2016-02-01 17:59:53	t	placeholder
304	alfredo	Alfredo	Edi@golifeworks.com	\N	2016-02-01 17:59:53	2016-02-01 17:59:53	t	placeholder
305	ekoh	Evon Koh	evon.cpg@gmail.com	\N	2016-02-01 17:59:53	2016-02-01 17:59:53	t	placeholder
306	jcohen	Joey Cohen	joey@creativepetgroup.com	\N	2016-02-01 17:59:53	2016-02-01 17:59:53	t	placeholder
307	dpellegrin2	David Pellegrin 2	purchasing@modani.com	\N	2016-02-01 17:59:53	2016-02-01 17:59:53	t	placeholder
308	mkemp	Mark Kemp	mark.kemp@advpackaging.com	\N	2016-02-01 17:59:53	2016-02-01 17:59:53	t	placeholder
309	bmay	Brian May	brian.may@advpackaging.com	\N	2016-02-01 17:59:53	2016-02-01 17:59:53	t	placeholder
312	jhuang	John Huang	johnhuang@dongshengfoodsusa.com	\N	2016-02-01 17:59:53	2016-02-01 17:59:53	t	placeholder
313	aliu	Ansel Liu	ansel.liu@spaceways.com	\N	2016-02-01 17:59:53	2016-02-01 17:59:53	t	placeholder
314	ssondheimer	Sebastian Sondheimer	sebastian.sondheimer@spaceways.com	\N	2016-02-01 17:59:53	2016-02-01 17:59:53	t	placeholder
315	dfuchs	David Fuchs	david.fuchs@spaceways.com	\N	2016-02-01 17:59:53	2016-02-01 17:59:53	t	placeholder
316	hnjones	Hal Neville-Jones	hal.neville-jones@spaceways.com	\N	2016-02-01 17:59:53	2016-02-01 17:59:53	t	placeholder
318	dwilliams	Donna Williams	Donna.Williams@advpackaging.com	\N	2016-02-01 17:59:53	2016-02-01 17:59:53	t	placeholder
320	anita	Anita Giri	agiri@jpent.com	\N	2016-02-01 17:59:53	2016-02-01 17:59:53	f	placeholder
321	lpetrenko	Lyuba Petrenko	lyuba@neo-image.com	\N	2016-02-01 17:59:53	2016-02-01 17:59:53	t	placeholder
322	lle	Lien Le	cs@dongshengfoodsusa.com	\N	2016-02-01 17:59:53	2016-02-01 17:59:53	t	placeholder
12	cmathis	Colette Mathis	cmathis@jpent.com	\N	2016-02-01 17:59:53	2016-02-01 17:59:53	t	placeholder
15	joneill	John ONeill	jponeill@jpent.com	\N	2016-02-01 17:59:53	2016-02-01 17:59:53	t	placeholder
17	rmathis	Rachel Mathis	rmathis@jpent.com	\N	2016-02-01 17:59:53	2016-02-01 17:59:53	t	placeholder
19	dkerr	Dave Kerr	dkerr@jpent.com	\N	2016-02-01 17:59:53	2016-02-01 17:59:53	t	placeholder
22	lshafer	Luke Shafer	luke@flowercitytissue.com	\N	2016-02-01 17:59:53	2016-02-01 17:59:53	t	placeholder
23	ebaker	Elizabeth Baker	elizabeth@geandb.com	\N	2016-02-01 17:59:53	2016-02-01 17:59:53	t	placeholder
24	cbishop	Carmen Bishop	carmen@superseal.ca	\N	2016-02-01 17:59:53	2016-02-01 17:59:53	t	placeholder
28	jyu	Joseph Yu	joseph.yu@hbc.com	\N	2016-02-01 17:59:53	2016-02-01 17:59:53	t	placeholder
323	dbisaccio	Doreen Bisaccio	doreen@us-group.com	\N	2016-02-01 17:59:53	2016-02-01 17:59:53	t	placeholder
324	rmcgiffin	Rebecca McGiffin	rebecca1@us-group.com	\N	2016-02-01 17:59:53	2016-02-01 17:59:53	t	placeholder
325	jquillen	John Quillen	jquillen@jpent.com	\N	2016-02-01 17:59:53	2016-02-01 17:59:53	t	placeholder
326	jgarcia	Jocelynne Garcia	whse@jpent.com	\N	2016-02-01 17:59:53	2016-02-01 17:59:53	t	placeholder
349	rjohnson	Ron Johnson	ronjohnson@prestonwoodchristian.org	\N	2016-02-01 17:59:53	2016-02-01 17:59:53	t	placeholder
350	dtharpe	Dan Tharpe	dtharpe@prestonwoodchristian.org	\N	2016-02-01 17:59:53	2016-02-01 17:59:53	t	placeholder
351	Path	Path Impact	bill@mooneysales.com	\N	2016-02-01 17:59:53	2016-02-01 17:59:53	t	placeholder
352	ahawkins	Amy Hawkins	Amy.Hawkins@mg-dev.com	\N	2016-02-01 17:59:53	2016-02-01 17:59:53	t	placeholder
353	dspozarski	Danielle Spozarski	Danielle.Spozarski@mg-dev.com	\N	2016-02-01 17:59:53	2016-02-01 17:59:53	t	placeholder
354	boltsplus	Bolts Plus	bill@mooneysales.com	\N	2016-02-01 17:59:53	2016-02-01 17:59:53	t	placeholder
355	jpdrec	Jacmel Rec	JPDREC@jacmel.com	\N	2016-02-01 17:59:53	2016-02-01 17:59:53	t	placeholder
356	aalighazi	Ashraf Alighazi	info@dimesproducts.ca	\N	2016-02-01 17:59:53	2016-02-01 17:59:53	t	placeholder
357	malighazi	Maqsud Alighazi	MA@dimesproducts.ca	\N	2016-02-01 17:59:53	2016-02-01 17:59:53	t	placeholder
358	ameltz	Adam Meltz	adam@cantrio.ca	\N	2016-02-01 17:59:53	2016-02-01 17:59:53	t	placeholder
359	advir	Assaf Dvir	assaf@cantrio.ca	\N	2016-02-01 17:59:53	2016-02-01 17:59:53	t	placeholder
360	tsukraj	Tracy Sukraj	tracy@cantrio.ca	\N	2016-02-01 17:59:53	2016-02-01 17:59:53	t	placeholder
362	fnestel	Fred Nestel	fred.nestel@scouting.org	\N	2016-02-01 17:59:53	2016-02-01 17:59:53	t	placeholder
363	smirkovic	Sandra Mirkovic	Sandra@bravoeducation.com	\N	2016-02-01 17:59:53	2016-02-01 17:59:53	t	placeholder
364	rmirkovic	Rob Mirkovic	Rob@bravoeducation.com	\N	2016-02-01 17:59:53	2016-02-01 17:59:53	t	placeholder
365	cosmic	Cosmic Box	cosmicbox@rogers.com	\N	2016-02-01 17:59:53	2016-02-01 17:59:53	t	placeholder
366	kinksology	Kinksology	kinkshairstudioandspa@gmail.com	\N	2016-02-01 17:59:53	2016-02-01 17:59:53	t	placeholder
367	mgillum	Michelle Gillum	MGillum@pak2000.com	\N	2016-02-01 17:59:53	2016-02-01 17:59:53	t	placeholder
368	Sagotoys	Samson James Lee	slee@sagosago.com	\N	2016-02-01 17:59:53	2016-02-01 17:59:53	t	placeholder
369	Sago1	Nicole Sago	sales@sagosago.com	\N	2016-02-01 17:59:53	2016-02-01 17:59:53	t	placeholder
370	tharrison	Tray Harrison	TrayHarr@aol.com	\N	2016-02-01 17:59:53	2016-02-01 17:59:53	t	placeholder
371	dsigouin	Darren Sigouin	darren@cupro.ca	\N	2016-02-01 17:59:53	2016-02-01 17:59:53	t	placeholder
372	bryan	Bryan Cantrio	bryan@cantrio.ca	\N	2016-02-01 17:59:53	2016-02-01 17:59:53	t	placeholder
373	Sensient2	Sensient 2	sni.inventory@sensient.com	\N	2016-02-01 17:59:53	2016-02-01 17:59:53	t	placeholder
374	dmabee	Dan Mabee	dan.mabee@bcfoods.com	\N	2016-02-01 17:59:53	2016-02-01 17:59:53	t	placeholder
375	dtrigiani	David Trigiani	davidtrigiani@sbcglobal.net	\N	2016-02-01 17:59:53	2016-02-01 17:59:53	t	placeholder
327	jmcginnis	John  McGinnis	jmcginnis@morbern.com	\N	2016-02-01 17:59:53	2016-02-01 17:59:53	t	placeholder
328	cwhitesell	Chris Whitsell	cwhitesell@morbern.com	\N	2016-02-01 17:59:53	2016-02-01 17:59:53	t	placeholder
329	shargett	Susie Hargett	shargett@morbern.com	\N	2016-02-01 17:59:53	2016-02-01 17:59:53	t	placeholder
331	reebok	Reebok	SBrown@pak2000.com	\N	2016-02-01 17:59:53	2016-02-01 17:59:53	t	placeholder
332	dadams	Diane Adams	Diane.Adams@advpackaging.com	\N	2016-02-01 17:59:53	2016-02-01 17:59:53	t	placeholder
333	mchristie	Meghan Christie	mchristie@jpent.com	\N	2016-02-01 17:59:53	2016-02-01 17:59:53	t	placeholder
334	kmithcell	Karen Mitchell	sales@flowercitytissue.com	\N	2016-02-01 17:59:53	2016-02-01 17:59:53	t	placeholder
335	nfidler	Nancy Fidler	nancyf@hailiangusa.com	\N	2016-02-01 17:59:53	2016-02-01 17:59:53	t	placeholder
336	test	test		\N	2016-02-01 17:59:53	2016-02-01 17:59:53	t	placeholder
337	dbuie	Denise Buie	denise@simplyorganicbeauty.com	\N	2016-02-01 17:59:53	2016-02-01 17:59:53	t	placeholder
338	kdonovan	Kelly Donovan	kelly@organiccolorsystems.com	\N	2016-02-01 17:59:53	2016-02-01 17:59:53	t	placeholder
339	mshaikh	Mubbashir Shaikh	magnus.inco@gmail.com	\N	2016-02-01 17:59:53	2016-02-01 17:59:53	t	placeholder
340	cparris	Catherine Parris	cparris@jpent.com	\N	2016-02-01 17:59:53	2016-02-01 17:59:53	t	placeholder
341	rb1	Reebok Manger 1	jim@larkinweb.com	\N	2016-02-01 17:59:53	2016-02-01 17:59:53	t	placeholder
342	lrobinson	Lynn Robinson	lrobinson@wrgtexas.com	\N	2016-02-01 17:59:53	2016-02-01 17:59:53	t	placeholder
343	cblouin	Christina Blouin	cblouin@jpent.com	\N	2016-02-01 17:59:53	2016-02-01 17:59:53	t	placeholder
344	bvanjahnke	Bill Van Jahnke	bill@goliathgames.com	\N	2016-02-01 17:59:53	2016-02-01 17:59:53	t	placeholder
345	cmugisha	Christian Mugisha	christian.mugisha@modani.com	\N	2016-02-01 17:59:53	2016-02-01 17:59:53	t	placeholder
346	Jwong	Jean Wong	jean@mereadesso.com	\N	2016-02-01 17:59:53	2016-02-01 17:59:53	t	placeholder
347	skane	Shelly Kane	skane@pak2000.com	\N	2016-02-01 17:59:53	2016-02-01 17:59:53	t	placeholder
348	BVolk	Brian Volk	bill@mooneysales.com	\N	2016-02-01 17:59:53	2016-02-01 17:59:53	t	placeholder
\.


--
-- Data for Name: user_function; Type: TABLE DATA; Schema: public; Owner: sungwhikim
--

COPY user_function (id, name, url, sort_order, created_at, updated_at, active, user_function_category_id) FROM stdin;
\.


--
-- Data for Name: user_function_category; Type: TABLE DATA; Schema: public; Owner: sungwhikim
--

COPY user_function_category (id, name, sort_order, created_at, updated_at) FROM stdin;
\.


--
-- Name: user_function_category_id_seq; Type: SEQUENCE SET; Schema: public; Owner: sungwhikim
--

SELECT pg_catalog.setval('user_function_category_id_seq', 1, false);


--
-- Name: user_function_id_seq; Type: SEQUENCE SET; Schema: public; Owner: sungwhikim
--

SELECT pg_catalog.setval('user_function_id_seq', 1, false);


--
-- Name: user_id_seq; Type: SEQUENCE SET; Schema: public; Owner: sungwhikim
--

SELECT pg_catalog.setval('user_id_seq', 3, true);


--
-- Data for Name: warehouse; Type: TABLE DATA; Schema: public; Owner: sungwhikim
--

COPY warehouse (id, name, address1, address2, city, province_id, country_id, created_at, updated_at, postal_code, active) FROM stdin;
3	Miss	1290 Blundell Rd.		Mississauga	10	1	2016-01-26 14:17:27	2016-01-27 14:09:54	L4Y 1M5	t
6	Testing	123 Any Street	\N	Portland	51	2	2016-01-27 09:55:33	2016-01-28 09:38:40	OR	f
\.


--
-- Name: warehouse_id_seq; Type: SEQUENCE SET; Schema: public; Owner: sungwhikim
--

SELECT pg_catalog.setval('warehouse_id_seq', 8, true);


--
-- Name: country_pkey; Type: CONSTRAINT; Schema: public; Owner: sungwhikim; Tablespace: 
--

ALTER TABLE ONLY country
    ADD CONSTRAINT country_pkey PRIMARY KEY (id);


--
-- Name: customer_pkey; Type: CONSTRAINT; Schema: public; Owner: sungwhikim; Tablespace: 
--

ALTER TABLE ONLY customer
    ADD CONSTRAINT customer_pkey PRIMARY KEY (id);


--
-- Name: province_pkey; Type: CONSTRAINT; Schema: public; Owner: sungwhikim; Tablespace: 
--

ALTER TABLE ONLY province
    ADD CONSTRAINT province_pkey PRIMARY KEY (id);


--
-- Name: unique_code; Type: CONSTRAINT; Schema: public; Owner: sungwhikim; Tablespace: 
--

ALTER TABLE ONLY country
    ADD CONSTRAINT unique_code UNIQUE (code);


--
-- Name: unique_id; Type: CONSTRAINT; Schema: public; Owner: sungwhikim; Tablespace: 
--

ALTER TABLE ONLY user_function_category
    ADD CONSTRAINT unique_id UNIQUE (id);


--
-- Name: unique_name; Type: CONSTRAINT; Schema: public; Owner: sungwhikim; Tablespace: 
--

ALTER TABLE ONLY warehouse
    ADD CONSTRAINT unique_name UNIQUE (name);


--
-- Name: unique_username; Type: CONSTRAINT; Schema: public; Owner: sungwhikim; Tablespace: 
--

ALTER TABLE ONLY "user"
    ADD CONSTRAINT unique_username UNIQUE (username);


--
-- Name: user_function_category_pkey; Type: CONSTRAINT; Schema: public; Owner: sungwhikim; Tablespace: 
--

ALTER TABLE ONLY user_function_category
    ADD CONSTRAINT user_function_category_pkey PRIMARY KEY (id);


--
-- Name: user_function_pkey; Type: CONSTRAINT; Schema: public; Owner: sungwhikim; Tablespace: 
--

ALTER TABLE ONLY user_function
    ADD CONSTRAINT user_function_pkey PRIMARY KEY (id);


--
-- Name: user_pkey; Type: CONSTRAINT; Schema: public; Owner: sungwhikim; Tablespace: 
--

ALTER TABLE ONLY "user"
    ADD CONSTRAINT user_pkey PRIMARY KEY (id);


--
-- Name: warehouse_pkey; Type: CONSTRAINT; Schema: public; Owner: sungwhikim; Tablespace: 
--

ALTER TABLE ONLY warehouse
    ADD CONSTRAINT warehouse_pkey PRIMARY KEY (id);


--
-- Name: index_country_id; Type: INDEX; Schema: public; Owner: sungwhikim; Tablespace: 
--

CREATE INDEX index_country_id ON province USING btree (country_id);


--
-- Name: lnk_customer_country; Type: FK CONSTRAINT; Schema: public; Owner: sungwhikim
--

ALTER TABLE ONLY customer
    ADD CONSTRAINT lnk_customer_country FOREIGN KEY (country_id) REFERENCES country(id) MATCH FULL ON UPDATE RESTRICT ON DELETE RESTRICT;


--
-- Name: lnk_customer_province; Type: FK CONSTRAINT; Schema: public; Owner: sungwhikim
--

ALTER TABLE ONLY customer
    ADD CONSTRAINT lnk_customer_province FOREIGN KEY (province_id) REFERENCES province(id) MATCH FULL ON UPDATE RESTRICT ON DELETE RESTRICT;


--
-- Name: lnk_province_country; Type: FK CONSTRAINT; Schema: public; Owner: sungwhikim
--

ALTER TABLE ONLY province
    ADD CONSTRAINT lnk_province_country FOREIGN KEY (country_id) REFERENCES country(id) MATCH FULL ON UPDATE RESTRICT ON DELETE RESTRICT;


--
-- Name: lnk_user_function_user_function_category; Type: FK CONSTRAINT; Schema: public; Owner: sungwhikim
--

ALTER TABLE ONLY user_function
    ADD CONSTRAINT lnk_user_function_user_function_category FOREIGN KEY (user_function_category_id) REFERENCES user_function_category(id) MATCH FULL ON UPDATE CASCADE ON DELETE CASCADE;


--
-- Name: lnk_warehouse_country; Type: FK CONSTRAINT; Schema: public; Owner: sungwhikim
--

ALTER TABLE ONLY warehouse
    ADD CONSTRAINT lnk_warehouse_country FOREIGN KEY (country_id) REFERENCES country(id) MATCH FULL ON UPDATE RESTRICT ON DELETE RESTRICT;


--
-- Name: lnk_warehouse_province; Type: FK CONSTRAINT; Schema: public; Owner: sungwhikim
--

ALTER TABLE ONLY warehouse
    ADD CONSTRAINT lnk_warehouse_province FOREIGN KEY (province_id) REFERENCES province(id) MATCH FULL ON UPDATE RESTRICT ON DELETE RESTRICT;


--
-- Name: public; Type: ACL; Schema: -; Owner: postgres
--

REVOKE ALL ON SCHEMA public FROM PUBLIC;
REVOKE ALL ON SCHEMA public FROM postgres;
GRANT ALL ON SCHEMA public TO postgres;
GRANT ALL ON SCHEMA public TO PUBLIC;


--
-- PostgreSQL database dump complete
--

